{"cameraMode":{"drawMode":0,"name":"Shaded","section":"Shading Mode"},"sceneLighting":false,"audioPlay":false,"sceneViewState":{"m_AlwaysRefresh":false,"showFog":true,"showSkybox":false,"showFlares":true,"showImageEffects":true,"showParticleSystems":true,"showVisualEffectGraphs":true,"m_FxEnabled":true},"in2DMode":false,"pivot":{"x":0.0005076229572296143,"y":0.043449580669403079,"z":0.07676582038402558},"rotation":{"x":0.006654746830463409,"y":0.46043798327445986,"z":-0.0034574635792523624,"w":0.8876664638519287},"size":0.47666728496551516,"orthographic":true}