{"cameraMode":{"drawMode":0,"name":"Shaded","section":"Shading Mode"},"sceneLighting":false,"audioPlay":false,"sceneViewState":{"m_AlwaysRefresh":false,"showFog":true,"showSkybox":false,"showFlares":true,"showImageEffects":true,"showParticleSystems":true,"showVisualEffectGraphs":true,"m_FxEnabled":true},"in2DMode":false,"pivot":{"x":0.0027292072772979738,"y":0.12511295080184937,"z":-0.0042510926723480228},"rotation":{"x":0.2633298635482788,"y":0.11685867607593537,"z":-0.032152947038412097,"w":0.9570622444152832},"size":0.6439656019210815,"orthographic":true}