{"cameraMode":{"drawMode":0,"name":"Shaded","section":"Shading Mode"},"sceneLighting":false,"audioPlay":false,"sceneViewState":{"m_AlwaysRefresh":false,"showFog":true,"showSkybox":false,"showFlares":true,"showImageEffects":true,"showParticleSystems":true,"showVisualEffectGraphs":true,"m_FxEnabled":true},"in2DMode":false,"pivot":{"x":-0.0006747841835021973,"y":-0.0039013735949993135,"z":0.04974865913391113},"rotation":{"x":0.06295604258775711,"y":-0.008981914259493351,"z":0.0005666486104018986,"w":0.9979797005653381},"size":0.4401453733444214,"orthographic":true}