{"cameraMode":{"drawMode":0,"name":"Shaded","section":"Shading Mode"},"sceneLighting":false,"audioPlay":false,"sceneViewState":{"m_AlwaysRefresh":false,"showFog":true,"showSkybox":false,"showFlares":true,"showImageEffects":true,"showParticleSystems":true,"showVisualEffectGraphs":true,"m_FxEnabled":true},"in2DMode":false,"pivot":{"x":-0.030257999897003175,"y":0.2849080562591553,"z":0.15426898002624513},"rotation":{"x":-0.09793463349342346,"y":0.21615801751613618,"z":0.021798016503453256,"w":0.9711941480636597},"size":0.5888753533363342,"orthographic":false}