{"cameraMode":{"drawMode":0,"name":"Shaded","section":"Shading Mode"},"sceneLighting":false,"audioPlay":false,"sceneViewState":{"m_AlwaysRefresh":false,"showFog":true,"showSkybox":false,"showFlares":true,"showImageEffects":true,"showParticleSystems":true,"showVisualEffectGraphs":true,"m_FxEnabled":true},"in2DMode":false,"pivot":{"x":0.0064543187618255619,"y":-0.014292851090431214,"z":-0.010838449001312256},"rotation":{"x":0.03144644573330879,"y":-0.3025122582912445,"z":0.009986556135118008,"w":0.9525748491287231},"size":0.630671501159668,"orthographic":true}