{"cameraMode":{"drawMode":0,"name":"Shaded","section":"Shading Mode"},"sceneLighting":false,"audioPlay":false,"sceneViewState":{"m_AlwaysRefresh":false,"showFog":true,"showSkybox":false,"showFlares":true,"showImageEffects":true,"showParticleSystems":true,"showVisualEffectGraphs":true,"m_FxEnabled":true},"in2DMode":false,"pivot":{"x":0.003920376300811768,"y":0.029944896697998048,"z":-0.0022038184106349947},"rotation":{"x":0.09451023489236832,"y":-0.6328779458999634,"z":0.07823426276445389,"w":0.7644723653793335},"size":0.6303716897964478,"orthographic":true}