{"cameraMode":{"drawMode":0,"name":"Shaded","section":"Shading Mode"},"sceneLighting":false,"audioPlay":false,"sceneViewState":{"m_AlwaysRefresh":false,"showFog":true,"showSkybox":false,"showFlares":true,"showImageEffects":true,"showParticleSystems":true,"showVisualEffectGraphs":true,"m_FxEnabled":true},"in2DMode":false,"pivot":{"x":0.023562073707580568,"y":0.2705836594104767,"z":0.02776789665222168},"rotation":{"x":0.017283616587519647,"y":0.6934253573417664,"z":-0.01664901152253151,"w":0.7201418876647949},"size":0.7510842680931091,"orthographic":true}