{"cameraMode":{"drawMode":0,"name":"Shaded","section":"Shading Mode"},"sceneLighting":true,"audioPlay":false,"sceneViewState":{"m_AlwaysRefresh":false,"showFog":true,"showSkybox":true,"showFlares":true,"showImageEffects":true,"showParticleSystems":true,"showVisualEffectGraphs":true,"m_FxEnabled":true},"in2DMode":false,"pivot":{"x":-0.46611976623535159,"y":-0.12123286724090576,"z":-2.0519046783447267},"rotation":{"x":0.11042798310518265,"y":0.28414440155029299,"z":-0.03296541050076485,"w":0.9518312215805054},"size":5.985511302947998,"orthographic":true}