{"cameraMode":{"drawMode":0,"name":"Shaded","section":"Shading Mode"},"sceneLighting":true,"audioPlay":false,"sceneViewState":{"m_AlwaysRefresh":false,"showFog":true,"showSkybox":true,"showFlares":true,"showImageEffects":true,"showParticleSystems":true,"showVisualEffectGraphs":true,"m_FxEnabled":true},"in2DMode":false,"pivot":{"x":1.0965325832366944,"y":0.9696190357208252,"z":-3.8895392417907717},"rotation":{"x":0.06295604258775711,"y":-0.008981914259493351,"z":0.0005666486104018986,"w":0.9979797005653381},"size":5.037710666656494,"orthographic":true}