{"cameraMode":{"drawMode":0,"name":"Shaded","section":"Shading Mode"},"sceneLighting":true,"audioPlay":false,"sceneViewState":{"m_AlwaysRefresh":false,"showFog":true,"showSkybox":true,"showFlares":true,"showImageEffects":true,"showParticleSystems":true,"showVisualEffectGraphs":true,"m_FxEnabled":true},"in2DMode":false,"pivot":{"x":0.6454750299453735,"y":-0.12525522708892823,"z":0.02188897132873535},"rotation":{"x":0.09558475017547608,"y":0.18845073878765107,"z":-0.01843239739537239,"w":0.9772470593452454},"size":6.515557765960693,"orthographic":true}