{"cameraMode":{"drawMode":0,"name":"Shaded","section":"Shading Mode"},"sceneLighting":true,"audioPlay":false,"sceneViewState":{"m_AlwaysRefresh":false,"showFog":true,"showSkybox":true,"showFlares":true,"showImageEffects":true,"showParticleSystems":true,"showVisualEffectGraphs":true,"m_FxEnabled":true},"in2DMode":false,"pivot":{"x":0.95667564868927,"y":4.214004039764404,"z":-3.516153335571289},"rotation":{"x":0.06295604258775711,"y":-0.008981914259493351,"z":0.0005666486104018986,"w":0.9979797005653381},"size":4.042516231536865,"orthographic":true}