{"cameraMode":{"drawMode":0,"name":"Shaded","section":"Shading Mode"},"sceneLighting":true,"audioPlay":false,"sceneViewState":{"m_AlwaysRefresh":false,"showFog":true,"showSkybox":true,"showFlares":true,"showImageEffects":true,"showParticleSystems":true,"showVisualEffectGraphs":true,"m_FxEnabled":true},"in2DMode":false,"pivot":{"x":-0.04502264782786369,"y":-0.1986568570137024,"z":-0.0045146942138671879},"rotation":{"x":0.008418192155659199,"y":0.3536633849143982,"z":-0.003183057066053152,"w":0.9353293776512146},"size":5.929027080535889,"orthographic":true}