{"cameraMode":{"drawMode":0,"name":"Shaded","section":"Shading Mode"},"sceneLighting":true,"audioPlay":false,"sceneViewState":{"m_AlwaysRefresh":false,"showFog":true,"showSkybox":true,"showFlares":true,"showImageEffects":true,"showParticleSystems":true,"showVisualEffectGraphs":true,"m_FxEnabled":true},"in2DMode":false,"pivot":{"x":-0.5657875537872315,"y":0.5379209518432617,"z":-2.54518985748291},"rotation":{"x":0.06730850785970688,"y":-0.06430847942829132,"z":0.004347445908933878,"w":0.9956485629081726},"size":7.536444664001465,"orthographic":true}