{"cameraMode":{"drawMode":0,"name":"Shaded","section":"Shading Mode"},"sceneLighting":true,"audioPlay":false,"sceneViewState":{"m_AlwaysRefresh":false,"showFog":true,"showSkybox":true,"showFlares":true,"showImageEffects":true,"showParticleSystems":true,"showVisualEffectGraphs":true,"m_FxEnabled":true},"in2DMode":false,"pivot":{"x":-2.4017913341522219,"y":-0.3480874001979828,"z":-0.0144805908203125},"rotation":{"x":0.004495138768106699,"y":-0.04648291692137718,"z":0.00020917692745570093,"w":0.9989092350006104},"size":5.483205318450928,"orthographic":true}