{"cameraMode":{"drawMode":0,"name":"Shaded","section":"Shading Mode"},"sceneLighting":true,"audioPlay":false,"sceneViewState":{"m_AlwaysRefresh":false,"showFog":true,"showSkybox":true,"showFlares":true,"showImageEffects":true,"showParticleSystems":true,"showVisualEffectGraphs":true,"m_FxEnabled":true},"in2DMode":false,"pivot":{"x":-0.6565997004508972,"y":-1.5383384227752686,"z":-1.6243326663970948},"rotation":{"x":0.11932019144296646,"y":0.08032995462417603,"z":-0.009687304496765137,"w":0.9895581603050232},"size":6.731688499450684,"orthographic":true}