{"cameraMode":{"drawMode":0,"name":"Shaded","section":"Shading Mode"},"sceneLighting":true,"audioPlay":false,"sceneViewState":{"m_AlwaysRefresh":false,"showFog":true,"showSkybox":true,"showFlares":true,"showImageEffects":true,"showParticleSystems":true,"showVisualEffectGraphs":true,"m_FxEnabled":true},"in2DMode":false,"pivot":{"x":-0.13679087162017823,"y":-1.1453813314437867,"z":-4.344766139984131},"rotation":{"x":0.052043866366147998,"y":-0.12786909937858582,"z":0.006719398312270641,"w":0.9904027581214905},"size":6.872196674346924,"orthographic":true}