{"cameraMode":{"drawMode":0,"name":"Shaded","section":"Shading Mode"},"sceneLighting":true,"audioPlay":false,"sceneViewState":{"m_AlwaysRefresh":false,"showFog":true,"showSkybox":true,"showFlares":true,"showImageEffects":true,"showParticleSystems":true,"showVisualEffectGraphs":true,"m_FxEnabled":true},"in2DMode":false,"pivot":{"x":-0.33450376987457278,"y":-1.436832308769226,"z":-4.39132833480835},"rotation":{"x":0.026996320113539697,"y":0.005100243724882603,"z":-0.00013760331785306334,"w":0.9996232986450195},"size":6.872196674346924,"orthographic":true}