{"cameraMode":{"drawMode":0,"name":"Shaded","section":"Shading Mode"},"sceneLighting":true,"audioPlay":false,"sceneViewState":{"m_AlwaysRefresh":false,"showFog":true,"showSkybox":true,"showFlares":true,"showImageEffects":true,"showParticleSystems":true,"showVisualEffectGraphs":true,"m_FxEnabled":true},"in2DMode":false,"pivot":{"x":-0.20987790822982789,"y":-0.9034507274627686,"z":0.0035390853881835939},"rotation":{"x":0.05728956684470177,"y":0.19930773973464967,"z":-0.01167281810194254,"w":0.9781911373138428},"size":5.462461948394775,"orthographic":true}