{"cameraMode":{"drawMode":0,"name":"Shaded","section":"Shading Mode"},"sceneLighting":true,"audioPlay":false,"sceneViewState":{"m_AlwaysRefresh":false,"showFog":true,"showSkybox":true,"showFlares":true,"showImageEffects":true,"showParticleSystems":true,"showVisualEffectGraphs":true,"m_FxEnabled":true},"in2DMode":false,"pivot":{"x":-0.2399749755859375,"y":0.9981945157051086,"z":-1.1067581176757813},"rotation":{"x":0.013932185247540474,"y":0.25221946835517886,"z":-0.0036313370801508428,"w":0.967563807964325},"size":5.154790878295898,"orthographic":true}