{"cameraMode":{"drawMode":0,"name":"Shaded","section":"Shading Mode"},"sceneLighting":true,"audioPlay":false,"sceneViewState":{"m_AlwaysRefresh":false,"showFog":true,"showSkybox":true,"showFlares":true,"showImageEffects":true,"showParticleSystems":true,"showVisualEffectGraphs":true,"m_FxEnabled":true},"in2DMode":false,"pivot":{"x":0.5272294878959656,"y":0.6858481764793396,"z":-0.8866298794746399},"rotation":{"x":0.007499578408896923,"y":-0.007499252445995808,"z":0.000056320528528885916,"w":0.9999464154243469},"size":7.0296220779418949,"orthographic":true}