{"cameraMode":{"drawMode":0,"name":"Shaded","section":"Shading Mode"},"sceneLighting":true,"audioPlay":false,"sceneViewState":{"m_AlwaysRefresh":false,"showFog":true,"showSkybox":true,"showFlares":true,"showImageEffects":true,"showParticleSystems":true,"showVisualEffectGraphs":true,"m_FxEnabled":true},"in2DMode":false,"pivot":{"x":1.7449190616607667,"y":-1.3970816135406495,"z":-2.9098777770996095},"rotation":{"x":0.03305778279900551,"y":0.28530317544937136,"z":-0.009846867062151432,"w":0.9578161239624023},"size":6.840897083282471,"orthographic":true}