{"cameraMode":{"drawMode":0,"name":"Shaded","section":"Shading Mode"},"sceneLighting":false,"audioPlay":false,"sceneViewState":{"m_AlwaysRefresh":false,"showFog":true,"showSkybox":false,"showFlares":true,"showImageEffects":true,"showParticleSystems":true,"showVisualEffectGraphs":true,"m_FxEnabled":true},"in2DMode":false,"pivot":{"x":0.0009546354413032532,"y":-0.061923518776893619,"z":-0.005681246519088745},"rotation":{"x":-0.07649943232536316,"y":-0.8708949089050293,"z":-0.143677219748497,"w":0.46373894810676577},"size":0.4121904671192169,"orthographic":true}