{"cameraMode":{"drawMode":0,"name":"Shaded","section":"Shading Mode"},"sceneLighting":false,"audioPlay":false,"sceneViewState":{"m_AlwaysRefresh":false,"showFog":true,"showSkybox":false,"showFlares":true,"showImageEffects":true,"showParticleSystems":true,"showVisualEffectGraphs":true,"m_FxEnabled":true},"in2DMode":false,"pivot":{"x":-0.0019504688680171967,"y":0.002313233446329832,"z":0.0009755827486515045},"rotation":{"x":0.1850523054599762,"y":-0.3507852256298065,"z":0.0709272027015686,"w":0.9152474999427795},"size":0.038940899074077609,"orthographic":true}