{"cameraMode":{"drawMode":0,"name":"Shaded","section":"Shading Mode"},"sceneLighting":false,"audioPlay":false,"sceneViewState":{"m_AlwaysRefresh":false,"showFog":true,"showSkybox":false,"showFlares":true,"showImageEffects":true,"showParticleSystems":true,"showVisualEffectGraphs":true,"m_FxEnabled":true},"in2DMode":false,"pivot":{"x":0.6755725145339966,"y":-1.2396045923233033,"z":0.7712076306343079},"rotation":{"x":0.37102630734443667,"y":0.34702861309051516,"z":-0.15186713635921479,"w":0.8478584289550781},"size":1.302025318145752,"orthographic":false}