{"cameraMode":{"drawMode":0,"name":"Shaded","section":"Shading Mode"},"sceneLighting":false,"audioPlay":false,"sceneViewState":{"m_AlwaysRefresh":false,"showFog":true,"showSkybox":false,"showFlares":true,"showImageEffects":true,"showParticleSystems":true,"showVisualEffectGraphs":true,"m_FxEnabled":true},"in2DMode":false,"pivot":{"x":2.9802322387695315e-8,"y":0.019317954778671266,"z":-0.002816230058670044},"rotation":{"x":0.008418192155659199,"y":0.3536633849143982,"z":-0.003183057066053152,"w":0.9353293776512146},"size":0.5930324196815491,"orthographic":true}