{"cameraMode":{"drawMode":0,"name":"Shaded","section":"Shading Mode"},"sceneLighting":false,"audioPlay":false,"sceneViewState":{"m_AlwaysRefresh":false,"showFog":true,"showSkybox":false,"showFlares":true,"showImageEffects":true,"showParticleSystems":true,"showVisualEffectGraphs":true,"m_FxEnabled":true},"in2DMode":false,"pivot":{"x":-1.4901161193847657e-8,"y":-2.9802322387695315e-8,"z":0.017314478754997255},"rotation":{"x":0.08984657377004624,"y":0.1812192052602768,"z":-0.01662791147828102,"w":0.9791895151138306},"size":0.3534921705722809,"orthographic":true}