{"cameraMode":{"drawMode":0,"name":"Shaded","section":"Shading Mode"},"sceneLighting":false,"audioPlay":false,"sceneViewState":{"m_AlwaysRefresh":false,"showFog":true,"showSkybox":false,"showFlares":true,"showImageEffects":true,"showParticleSystems":true,"showVisualEffectGraphs":true,"m_FxEnabled":true},"in2DMode":false,"pivot":{"x":0.005875825881958008,"y":0.02776595950126648,"z":-0.0020094364881515505},"rotation":{"x":0.03934762254357338,"y":0.6607262492179871,"z":-0.03472016006708145,"w":0.7487916350364685},"size":0.352031409740448,"orthographic":true}