{"cameraMode":{"drawMode":0,"name":"Shaded","section":"Shading Mode"},"sceneLighting":false,"audioPlay":false,"sceneViewState":{"m_AlwaysRefresh":false,"showFog":true,"showSkybox":false,"showFlares":true,"showImageEffects":true,"showParticleSystems":true,"showVisualEffectGraphs":true,"m_FxEnabled":true},"in2DMode":false,"pivot":{"x":0.004840731620788574,"y":0.03650634363293648,"z":0.0571632981300354},"rotation":{"x":0.08984657377004624,"y":0.1812192052602768,"z":-0.01662791147828102,"w":0.9791895151138306},"size":0.4726562201976776,"orthographic":true}