{"cameraMode":{"drawMode":0,"name":"Shaded","section":"Shading Mode"},"sceneLighting":false,"audioPlay":false,"sceneViewState":{"m_AlwaysRefresh":false,"showFog":true,"showSkybox":false,"showFlares":true,"showImageEffects":true,"showParticleSystems":true,"showVisualEffectGraphs":true,"m_FxEnabled":true},"in2DMode":false,"pivot":{"x":-0.0008997321128845215,"y":0.06249074637889862,"z":-0.003352224826812744},"rotation":{"x":0.2633298635482788,"y":0.11685867607593537,"z":-0.032152947038412097,"w":0.9570622444152832},"size":0.5868615508079529,"orthographic":true}