{"cameraMode":{"drawMode":0,"name":"Shaded","section":"Shading Mode"},"sceneLighting":false,"audioPlay":false,"sceneViewState":{"m_AlwaysRefresh":false,"showFog":true,"showSkybox":false,"showFlares":true,"showImageEffects":true,"showParticleSystems":true,"showVisualEffectGraphs":true,"m_FxEnabled":true},"in2DMode":false,"pivot":{"x":-0.015564024448394776,"y":-0.021865636110305787,"z":-1.6843637228012086},"rotation":{"x":0.1011713370680809,"y":0.5307282209396362,"z":-0.06399562954902649,"w":0.8390472531318665},"size":0.8660253882408142,"orthographic":true}