{"cameraMode":{"drawMode":0,"name":"Shaded","section":"Shading Mode"},"sceneLighting":false,"audioPlay":false,"sceneViewState":{"m_AlwaysRefresh":false,"showFog":true,"showSkybox":false,"showFlares":true,"showImageEffects":true,"showParticleSystems":true,"showVisualEffectGraphs":true,"m_FxEnabled":true},"in2DMode":false,"pivot":{"x":-0.004867136478424072,"y":0.06871654093265534,"z":-0.002272188663482666},"rotation":{"x":0.2633298635482788,"y":0.11685867607593537,"z":-0.032152947038412097,"w":0.9570622444152832},"size":0.6158397793769836,"orthographic":true}